size,name,time
20,matrix_10618.npy,18858334.99267578
20,matrix_41388.npy,18718885.481933594
21,matrix_45255.npy,22406935.728271484
21,matrix_48947.npy,20130792.18383789
