size,id,time
10,matrix_28864.npy,439009.0139160156
11,matrix_11523.npy,841741.6684570312
